Sequence,Score,Type,Uncer
WWQRHMFHFRTW,-52.33,PepBD,0
WWQRHMFHFRTW,-52.33,PepBD,0
WWQRHMFHFRTW,-52.33,PepBD,0
WWQRHMFHFRTW,-52.33,PepBD,0
WWQRHMFHFRTW,-52.33,PepBD,0
WWQRHMFHFRTW,-52.33,PepBD,0
WWQRHMFHFRTW,-52.33,PepBD,0
WWQRHMFHFRTW,-52.15,PepBD,0
WWQRHMFHFRTW,-52.13,PepBD,0
WWQRHMFHFRTW,-52.13,PepBD,0
WWQRHMFHFRTW,-52.13,PepBD,0
WWQRHMFHFRTW,-52.13,PepBD,0
WWQRHMFHFRTW,-52.13,PepBD,0
WWQRHMFHFRTW,-52.13,PepBD,0
WWQRHMFHFRTW,-52.11,PepBD,0
WWQRHMFHFRTW,-52.09,PepBD,0
WWQRHMFHFRTW,-52.09,PepBD,0
WWQRHMFHFRTW,-52.08,PepBD,0
WWQRHMFHFRTW,-52.07,PepBD,0
WWQRHMFHFRTW,-52.07,PepBD,0
WWQRHMFHFRTW,-52.02,PepBD,0
WWQRHMFAFRTW,-52.01,PepBD,0
WWQRHMFAFRTW,-52.01,PepBD,0
WWQRHMFAFRTW,-52.01,PepBD,0
WWQRHMFAFRTW,-52.01,PepBD,0
WWQRHMFHFRTW,-51.99,PepBD,0
WWQRHMFHFRTW,-51.99,PepBD,0
WWQRHMFAFRTW,-51.98,PepBD,0
WWQRHMFQFRTW,-51.98,PepBD,0
WWQRHMFQFRTW,-51.98,PepBD,0
WWQRHMFAFRTW,-51.97,PepBD,0
WWQRHMFHFRTW,-51.96,PepBD,0
WWQRHMFAFRTW,-51.96,PepBD,0
WWQRHMFQFRTW,-51.96,PepBD,0
WWQRHMFAFRTW,-51.96,PepBD,0
WWQRHMFAFRTW,-51.95,PepBD,0
WWQRHMFQFRTW,-51.94,PepBD,0
WWQRHMFQFRTW,-51.94,PepBD,0
WWQRHMFHFRTW,-51.94,PepBD,0
WWQRHMFAFRTW,-51.93,PepBD,0
WWQRHMFAFRTW,-51.92,PepBD,0
WWQRHMFAFRTW,-51.92,PepBD,0
WWQRHMFAFRTW,-51.91,PepBD,0
WWQRHMFAFRTW,-51.91,PepBD,0
WWQRHMFGFRTW,-51.91,PepBD,0
WWQRHMFGFRTW,-51.9,PepBD,0
WWQRHMFHFRAW,-51.9,PepBD,0
WWQRHMFHFRAW,-51.9,PepBD,0
WWQRHMFHFRTW,-51.89,PepBD,0
WWQRHMFHFRTW,-51.89,PepBD,0
WWQRHMFHFRTW,-51.89,PepBD,0
WWQRHMFHFRTW,-51.89,PepBD,0
WWQRHMFAFRTW,-51.89,PepBD,0
WWQRHMFHFRAW,-51.89,PepBD,0
WWQRHMFHFRHW,-51.89,PepBD,0
WWQRHMFQFRTW,-51.88,PepBD,0
WWQRHMFQFRTW,-51.88,PepBD,0
WWQRHMFGFRTW,-51.88,PepBD,0
WWQRHMFHFRHW,-51.88,PepBD,0
WWQRHMFGFRTW,-51.88,PepBD,0
WWQRHMFGFRTW,-51.87,PepBD,0
WWQRHMFAFRTW,-51.87,PepBD,0
WWQRHMFAFRTW,-51.87,PepBD,0
WWQRHMFHFRHW,-51.87,PepBD,0
WWQRHMFTFRTW,-51.87,PepBD,0
WWQRHMFTFRTW,-51.87,PepBD,0
WWQRHMFGFRTW,-51.86,PepBD,0
WWQRHMFHFRNW,-51.86,PepBD,0
WWQRHMFHFRAW,-51.86,PepBD,0
WWQRHMFTFRTW,-51.85,PepBD,0
WWQRHMFTFRTW,-51.85,PepBD,0
WWQRHMFTFRTW,-51.85,PepBD,0
WWQRHMFGFRTW,-51.84,PepBD,0
WWQRHMFGFRTW,-51.84,PepBD,0
WWQRHMFGFRTW,-51.84,PepBD,0
WWQRHMFGFRTW,-51.83,PepBD,0
WWQRHMFTFRTW,-51.83,PepBD,0
WWQRHMFHFREW,-51.82,PepBD,0
WWQRHMFGFRTW,-51.82,PepBD,0
WWQRHMFEFRTW,-51.82,PepBD,0
WWQRHMFGFRTW,-51.82,PepBD,0
WWQRHMFGFRTW,-51.82,PepBD,0
WWQRHMFGFRTW,-51.8,PepBD,0
WWQRHMFAFRTW,-51.79,PepBD,0
WWQRHMFAFRHW,-51.79,PepBD,0
WWQRHMFTFRTW,-51.79,PepBD,0
WWQRHMFEFRTW,-51.79,PepBD,0
WWQRHMFEFRTW,-51.79,PepBD,0
WWQRHMFNFRTW,-51.79,PepBD,0
WWQRHMFNFRTW,-51.79,PepBD,0
WWQRHMFNFRTW,-51.79,PepBD,0
WWQRHMFHFRNW,-51.79,PepBD,0
WWQRHMFHFRNW,-51.79,PepBD,0
WWQRHMFTFRTW,-51.78,PepBD,0
WWQRHMFAFRHW,-51.78,PepBD,0
WWQRHMFHFREW,-51.77,PepBD,0
WWQRHMFTFRTW,-51.77,PepBD,0
WWQRHMFHFREW,-51.77,PepBD,0
WFQRHMFHWRTW,-51.76,PepBD,0
WWQRHMFHFRTW,-51.76,PepBD,0
WWQRHMFEFRTW,-51.76,PepBD,0
WWQRHMFHFRQW,-51.75,PepBD,0
WWQRHMFEFRTW,-51.75,PepBD,0
WWQRHMFAFRHW,-51.74,PepBD,0
WWQRHMFHFRSW,-51.74,PepBD,0
WWQRHMFQFRAW,-51.74,PepBD,0
WWQRHMFQFRHW,-51.73,PepBD,0
WWQRHMFAFRHW,-51.72,PepBD,0
WWQRHMFHFRAW,-51.71,PepBD,0
WWQRHMFEFRTW,-51.71,PepBD,0
WFQRHMFQWRTW,-51.7,PepBD,0
WWQRHMFGFRHW,-51.7,PepBD,0
WWQRHMFAFRNW,-51.68,PepBD,0
WWQRHMFQFRSW,-51.67,PepBD,0
WWQRHMFHFRSW,-51.67,PepBD,0
WWQRHMFQFRHW,-51.66,PepBD,0
WWQRHMFTFRAW,-51.66,PepBD,0
WWQRHMFHFRHW,-51.65,PepBD,0
WWQRHMFHFRHW,-51.65,PepBD,0
WWQRHMFHFRHW,-51.65,PepBD,0
WWQRHMFTFRAW,-51.65,PepBD,0
WWQRHMFQFRHW,-51.65,PepBD,0
WWQRHMFNFRHW,-51.63,PepBD,0
WWQRHMFTFRHW,-51.63,PepBD,0
WWQRHMFTFRHW,-51.63,PepBD,0
WWQRHMFQFRHW,-51.63,PepBD,0
WWQRHMFHFREW,-51.62,PepBD,0
WFQRHMFTWRTW,-51.61,PepBD,0
WFQRHMFHWRSW,-51.61,PepBD,0
WWQRHMFSFRTW,-51.61,PepBD,0
WWQRHMFTFRHW,-51.61,PepBD,0
WWQRHMFTFRHW,-51.61,PepBD,0
WWQRHMFGFRHW,-51.6,PepBD,0
WWQRHMFNFREW,-51.59,PepBD,0
WWQRHMFAFRNW,-51.59,PepBD,0
WFQRHMFHWRSW,-51.58,PepBD,0
WWQRHMFNFRHW,-51.58,PepBD,0
WWQRHMFTFRHW,-51.58,PepBD,0
WWQRHMFAFRSW,-51.57,PepBD,0
WWQRHMFHFREW,-51.57,PepBD,0
WWQRHMFQFRSW,-51.56,PepBD,0
WWQRHMFGFRSW,-51.56,PepBD,0
WWQRHMFNFREW,-51.55,PepBD,0
WWQRHMFGFRSW,-51.55,PepBD,0
WWQRHMFHFREW,-51.54,PepBD,0
WWQRHMFTFRHW,-51.54,PepBD,0
WFQRHMFNWRTW,-51.52,PepBD,0
WWQRHMFHFREW,-51.52,PepBD,0
WWQRHMFQFRSW,-51.52,PepBD,0
WFQRHMFNWRTW,-51.51,PepBD,0
WFQRHMFTWRSW,-51.51,PepBD,0
WWQRHMFTFRSW,-51.51,PepBD,0
WFQRHMFHWRSW,-51.5,PepBD,0
WWQRHMFHFRSW,-51.5,PepBD,0
WWQRHMFTFRSW,-51.5,PepBD,0
WWQRHMFGFRHW,-51.49,PepBD,0
WWQRHMFHFRGW,-51.49,PepBD,0
WWQRHMFQFREW,-51.48,PepBD,0
WWQRHMFEFRHW,-51.48,PepBD,0
WWQRHMFEFRHW,-51.47,PepBD,0
WWQRHMFEFRHW,-51.47,PepBD,0
WWQRHMFEFRHW,-51.47,PepBD,0
WWQRHMFGFRSW,-51.45,PepBD,0
WWQRHMFHFRGW,-51.45,PepBD,0
WWQRHMFHFRNW,-51.44,PepBD,0
WFQRHMFNWRSW,-51.4,PepBD,0
WWQRHMFSFREW,-51.39,PepBD,0
WWQRHMFSFRHW,-51.38,PepBD,0
WWQRHMFEFRHW,-51.37,PepBD,0
WFQRHMFNWRSW,-51.36,PepBD,0
WFQRHMFEWRSW,-51.35,PepBD,0
WWQRHMFSFRHW,-51.35,PepBD,0
WFQRHMFTWRHW,-51.32,PepBD,0
WFQRHMFQWRSW,-51.31,PepBD,0
WWQRHMFGFRSW,-51.31,PepBD,0
WWQRHMFHFREW,-51.29,PepBD,0
WWQRHMFQFREW,-51.29,PepBD,0
WWQRHMFGFRNW,-51.29,PepBD,0
WWQRHMFQFRSW,-51.27,PepBD,0
WWQRHMFHFRNW,-51.26,PepBD,0
WFQRHMFQWRSW,-51.23,PepBD,0
WFQRHMFTWRSW,-51.2,PepBD,0
WFQRHMFQWREW,-51.19,PepBD,0
WFQRHMFQWRAW,-51.19,PepBD,0
WWQRHMFHFREW,-51.19,PepBD,0
WWQRHMFHFRSW,-51.19,PepBD,0
WFQRHMFTWRNW,-51.17,PepBD,0
WWQRHMFQFREW,-51.16,PepBD,0
WFQRHMFQWRHW,-51.15,PepBD,0
WFQRHMFHWREW,-51.13,PepBD,0
WFQRHMFEWRHW,-51.13,PepBD,0
WFQRHMFSWRSW,-51.13,PepBD,0
WWQRHMFQFRSW,-51.13,PepBD,0
WWQRHMFNFRSW,-51.11,PepBD,0
WWQRHMFSFREW,-51.11,PepBD,0
WWQRHMFTFRSW,-51.09,PepBD,0
WWQRHMFNFRAW,-51.08,PepBD,0
WWQRHMFNFRHW,-51.06,PepBD,0
WWQRHMFNFREW,-51.02,PepBD,0
WFQRHQFHWRIW,-51.01,PepBD,0
WFQRHMFDWRSW,-51.01,PepBD,0
WWQRHMFSFRSW,-51.01,PepBD,0
WWQRHMFSFRGW,-51.01,PepBD,0
WWQRHMFNFRGW,-51.01,PepBD,0
WFQRHMFEWRNW,-50.99,PepBD,0
WWQRHMFNFRNW,-50.99,PepBD,0
WWQRHMFQFRSW,-50.97,PepBD,0
WFQRHMFQWREW,-50.9,PepBD,0
WFQRHEFHWRIW,-50.88,PepBD,0
WFQRHEFHWRIW,-50.88,PepBD,0
WFQRHEFHWRIW,-50.88,PepBD,0
WWQRHQFHFRIW,-50.84,PepBD,0
WWQRHQFHFRIW,-50.84,PepBD,0
WWQRHQFHFRIW,-50.84,PepBD,0
WFQRHEFQWRIW,-50.82,PepBD,0
WWQRHMFNFREW,-50.82,PepBD,0
WWQRHMFNFREW,-50.82,PepBD,0
WFQRHEFQWRIW,-50.81,PepBD,0
WFQRHEFQWRIW,-50.81,PepBD,0
WWQRHQFQFRIW,-50.78,PepBD,0
WWQRHQFAFRIW,-50.77,PepBD,0
WFQRHEFQWRIW,-50.75,PepBD,0
WWQRHQFHFRIW,-50.73,PepBD,0
WFQRHEFTWRIW,-50.72,PepBD,0
WFQRHEFIWRTW,-50.71,PepBD,0
WFQRHEFIWRTW,-50.71,PepBD,0
WFQRHEFTWRIW,-50.71,PepBD,0
WFQRHEFTWRIW,-50.69,PepBD,0
WFQRHEFIWRTW,-50.69,PepBD,0
WFQRHQFHWRTW,-50.69,PepBD,0
WWQRHMFNFRGW,-50.68,PepBD,0
WWQRHQFQFRIW,-50.67,PepBD,0
WWQRHQFAFRIW,-50.66,PepBD,0
WWQRHQFQFRIW,-50.66,PepBD,0
WWQRHQFQFRIW,-50.66,PepBD,0
WFQRHEFNWRIW,-50.65,PepBD,0
WWQRHQFAFRIW,-50.64,PepBD,0
WFQRHEFTWRIW,-50.64,PepBD,0
WWQRHQFGFRIW,-50.58,PepBD,0
WFQRHEFNWRIW,-50.58,PepBD,0
WFQRHEFSWRIW,-50.55,PepBD,0
WFQRHEFHWRTW,-50.54,PepBD,0
WWQRHEFQFRIW,-50.43,PepBD,0
WWQRHQFEFRIW,-50.42,PepBD,0
WFQRHEFTWRTW,-50.42,PepBD,0
WWQRHEFFFRTW,-50.38,PepBD,0
WWQRHEFFWRTF,-50.28,PepBD,0
WWQRHEFTWRIF,-50.24,PepBD,0
WWQRHEFTWRIF,-50.23,PepBD,0
WWQRHEFTWRIF,-50.2,PepBD,0
WWQRHEFQFRLW,-50.18,PepBD,0
WWQRHEFIWRTF,-50.17,PepBD,0
WWQRHEFIWRTF,-50.17,PepBD,0
WWQRHEFQFRTW,-50.12,PepBD,0
WWQRHEFHFRTW,-50.1,PepBD,0
WWQRHHFLFRTW,-50.08,PepBD,0
WHWHEMMQWRIR,-50.07,PepBD,0
WHWHEMMQWRIR,-50.05,PepBD,0
WMWHEMMQWRQR,-50.02,PepBD,0
WHWHEMMQWRIR,-50,PepBD,0
WWQRHEFQWRTF,-49.99,PepBD,0
WHWHEMMQWRVR,-49.98,PepBD,0
WHWHEMMQWRVR,-49.98,PepBD,0
WQWHEMMQWRMR,-49.97,PepBD,0
WHWHEMMQWRMR,-49.97,PepBD,0
WQWHEMMQWRMR,-49.97,PepBD,0
WHWHEMMQWRVR,-49.97,PepBD,0
WWQRHHFHFRTW,-49.96,PepBD,0
WWQRHEFVWRHF,-49.96,PepBD,0
WHWHEMMQWRVR,-49.96,PepBD,0
WHWHEMMQWRVR,-49.96,PepBD,0
WHWHEMMQWRIR,-49.96,PepBD,0
WQWHEMMQWRMR,-49.95,PepBD,0
WQWHEMMQWRMR,-49.95,PepBD,0
WQWHEMMQWRMR,-49.95,PepBD,0
WQWHEMMQWRMR,-49.93,PepBD,0
WQWHEMMQWRMR,-49.93,PepBD,0
WQWHEMMQWRMR,-49.93,PepBD,0
WWQRHEFGWRTF,-49.92,PepBD,0
WWQRHEFGWRTF,-49.92,PepBD,0
WQWHEMMQWRMR,-49.92,PepBD,0
WQWHEMMQWRMR,-49.89,PepBD,0
WWQRHEFGWRTF,-49.88,PepBD,0
WHWHEMMQWRVR,-49.88,PepBD,0
WHWHEMMQWRER,-49.88,PepBD,0
WMWHEMMQWRQR,-49.86,PepBD,0
WWQRHEFAWRHF,-49.85,PepBD,0
WQWHEMMQWRMR,-49.85,PepBD,0
WHWHEMMQWRMR,-49.84,PepBD,0
WQWHEMMQWRMR,-49.82,PepBD,0
WQWHEMMQWRMR,-49.81,PepBD,0
WQWHEMMQWRMR,-49.81,PepBD,0
WHWHEMMQWRMR,-49.8,PepBD,0
WHWHEMMQWRMR,-49.8,PepBD,0
WHWHEMMQWRMR,-49.8,PepBD,0
WHWHEMMQWRMR,-49.8,PepBD,0
WHWHEMMQWRMR,-49.8,PepBD,0
WHWHEMMQWRMR,-49.8,PepBD,0
WQWHEMMQWRMR,-49.8,PepBD,0
WQWHEMMQWRMR,-49.79,PepBD,0
WQWHEMMQWRER,-49.79,PepBD,0
WWQRHEFVWRNF,-49.78,PepBD,0
WLWHEMMQWRTR,-49.78,PepBD,0
WQWHEMMQWRMR,-49.77,PepBD,0
WHWHEMMQWRMR,-49.75,PepBD,0
WHWHEMMQWRMR,-49.75,PepBD,0
WMWHEMMQWRHR,-49.75,PepBD,0
WQWHEMMQWRMR,-49.75,PepBD,0
WQWHEMMQWRMR,-49.75,PepBD,0
WQWHEMMQWRMR,-49.75,PepBD,0
WMWHEMMQWRHR,-49.74,PepBD,0
WMWHEMMQWRHR,-49.73,PepBD,0
WMWHEMMQWRHR,-49.72,PepBD,0
WQWHEMMQWRMR,-49.72,PepBD,0
WLWHEMMQWRTR,-49.72,PepBD,0
WMWHEMMQWRHR,-49.71,PepBD,0
WMWHEMMHWRNR,-49.71,PepBD,0
WDWHEMMQWRQR,-49.71,PepBD,0
WMWHEMMQWRTR,-49.71,PepBD,0
WWQRHHFSFRTW,-49.7,PepBD,0
WMWHEMMQWRHR,-49.69,PepBD,0
WDWHEMMQWRQR,-49.69,PepBD,0
WMWHEMMHWRTR,-49.66,PepBD,0
WWQRHHFSFRTW,-49.65,PepBD,0
WWQRHHFSFRTW,-49.65,PepBD,0
WWQRHHFSFRTW,-49.64,PepBD,0
WLWHEMMQWRQR,-49.64,PepBD,0
WVWHEMMHWRTR,-49.64,PepBD,0
WHWHEMMQWRHR,-49.63,PepBD,0
WHWHEMMQWRHR,-49.62,PepBD,0
WHWHEMMQWRQR,-49.62,PepBD,0
WFQRHHFIWRTW,-49.61,PepBD,0
WFQRHHFIWRTW,-49.61,PepBD,0
WWQRHEFQFREW,-49.61,PepBD,0
WMWHEMMHWRTR,-49.61,PepBD,0
WFQRHHFIWRTW,-49.6,PepBD,0
WMWHEMMHWRTR,-49.59,PepBD,0
WVWHEMMQWRQR,-49.59,PepBD,0
WWQRHHFSFRTW,-49.58,PepBD,0
WWQRHEFEFRHW,-49.57,PepBD,0
WWQRHEFEFRHW,-49.57,PepBD,0
WWQRHEFGWRNF,-49.57,PepBD,0
WLWHEMMQWRQR,-49.57,PepBD,0
WLWHEMMQWRHR,-49.57,PepBD,0
WFQRHHFIWRTW,-49.56,PepBD,0
WHWHEMMQWRQR,-49.56,PepBD,0
WMWHEMHHWRAL,-49.55,PepBD,0
WMWHEMMQWRNR,-49.55,PepBD,0
WHWHEMMQWRQR,-49.55,PepBD,0
WHWHEMMQWRQR,-49.55,PepBD,0
WLWHEMMHWRTR,-49.55,PepBD,0
WMWHEMHHWRAL,-49.54,PepBD,0
WLWHEMMHWRTR,-49.54,PepBD,0
WHWHEMMQWRTR,-49.54,PepBD,0
WSWHEMMQWRIR,-49.54,PepBD,0
WSWHEMMQWRIR,-49.54,PepBD,0
WWQRHEFEFRHW,-49.53,PepBD,0
WDWHEMMHWRTR,-49.53,PepBD,0
WTWHEMMQWRIR,-49.53,PepBD,0
WTWHEMMQWRIR,-49.53,PepBD,0
WTWHEMMQWRIR,-49.53,PepBD,0
WMWHEMMQWRNR,-49.52,PepBD,0
WDWHEMMHWRTR,-49.52,PepBD,0
WMWHEMMQWRTR,-49.52,PepBD,0
WLWHEMMHWRTR,-49.52,PepBD,0
WFQRHHFIWRTW,-49.51,PepBD,0
WFQRHHFIWRTW,-49.51,PepBD,0
WWQRHEFEWRHF,-49.5,PepBD,0
WMWHEMMQWRSR,-49.5,PepBD,0
WWQRHEFEWRHF,-49.49,PepBD,0
WWQRHEFEWRHF,-49.49,PepBD,0
WHWHEMMIWRQR,-49.48,PepBD,0
WHWHEMMQWRTR,-49.48,PepBD,0
WMWHEMHHWRAL,-49.47,PepBD,0
WHWHEMMQWRQR,-49.47,PepBD,0
WMWHEMMQWRTR,-49.46,PepBD,0
WHWHEMMQWRQR,-49.46,PepBD,0
WMWHEMMQWRTR,-49.46,PepBD,0
WHWHEMMQWRQR,-49.46,PepBD,0
WHWHEMMIWRHR,-49.45,PepBD,0
WMWHEMMQWRHR,-49.45,PepBD,0
WHWHEMMQWRDR,-49.44,PepBD,0
WMWHEMMHWRTR,-49.44,PepBD,0
WHWHEMMEWRQR,-49.44,PepBD,0
WMWHEMMQWRTR,-49.44,PepBD,0
WKWHEMMQWRHM,-49.44,PepBD,0
WDWHEMMQWRHM,-49.43,PepBD,0
WDWHEMMQWRHM,-49.43,PepBD,0
WDWHEMMQWRTM,-49.43,PepBD,0
WHWHEMMTWRVR,-49.42,PepBD,0
WHWHEMMNWRVR,-49.42,PepBD,0
WWQRHYFSFRHW,-49.41,PepBD,0
WHWHEMHHWRRL,-49.41,PepBD,0
WHWHEMHHWRRL,-49.41,PepBD,0
WHWHEMMIWRHR,-49.41,PepBD,0
WMWHEMMHWRHR,-49.41,PepBD,0
WHWHEMMEWRQR,-49.41,PepBD,0
WHWHEMMHWRMR,-49.4,PepBD,0
WHWHEMMHWRMR,-49.4,PepBD,0
WHWHEMMQWRAR,-49.4,PepBD,0
WMWHEMMHWRQR,-49.4,PepBD,0
WLWHEMMQWRTR,-49.4,PepBD,0
WLWHEMMHWRHR,-49.4,PepBD,0
WMWHEMMQWRTR,-49.39,PepBD,0
WQWHEMMFWRTR,-49.39,PepBD,0
WHWHEMMEWRQR,-49.39,PepBD,0
WNWHEMMQWRMR,-49.39,PepBD,0
WWQRHHFSFRYW,-49.38,PepBD,0
WLWHEMMHWRTR,-49.38,PepBD,0
WHWHEMMQWRAR,-49.38,PepBD,0
WHWHEMMQWRAR,-49.38,PepBD,0
WWQRHYFEFRHW,-49.37,PepBD,0
WHWHEMMHWRMR,-49.37,PepBD,0
WHWHEMMEWRQR,-49.37,PepBD,0
WHWHEMMHWRTR,-49.37,PepBD,0
WHWHEMMHWRTR,-49.37,PepBD,0
WHWHEMMQWRHM,-49.37,PepBD,0
WHWHEMMQWRHM,-49.37,PepBD,0
WWQRHYFEFRHW,-49.36,PepBD,0
WHWHEMHEWRLR,-49.36,PepBD,0
WDWHEMMHWRTR,-49.36,PepBD,0
WWQRHHFSFRYW,-49.35,PepBD,0
WLWHEMMHWRTR,-49.35,PepBD,0
WLWHEMMHWRTR,-49.35,PepBD,0
WDWHEMMQWRTR,-49.35,PepBD,0
WQWHEMMFWRTR,-49.35,PepBD,0
WDWHEMMQWRHR,-49.34,PepBD,0
WNWHEMMQWRMR,-49.34,PepBD,0
WLWHEMMHWRQR,-49.33,PepBD,0
WMWHEMHFWRTR,-49.33,PepBD,0
WQWHEMMIWRHR,-49.33,PepBD,0
WHWHEMMEWRQR,-49.33,PepBD,0
WHWHEMMQWRIR,-49.33,PepBD,0
WHWHEMMQWRIR,-49.33,PepBD,0
WSWHEMMQWRQR,-49.33,PepBD,0
WHWHEMMQWRRF,-49.32,PepBD,0
WHWHEMMQWRRF,-49.32,PepBD,0
WLWHEMMHWRQR,-49.31,PepBD,0
WHWHEMHHWRLR,-49.31,PepBD,0
WHWHEMHHWRAL,-49.31,PepBD,0
WDWHEMMHWRTR,-49.31,PepBD,0
WLWHEMMHWRHR,-49.3,PepBD,0
WLWHEMMHWRTR,-49.3,PepBD,0
WHWHEMHHWRTR,-49.3,PepBD,0
WMWHEMMHWRQR,-49.3,PepBD,0
WDWHEMMQWRQR,-49.3,PepBD,0
WAWHEMMHWRNR,-49.3,PepBD,0
WLWHEMMHWRTR,-49.29,PepBD,0
WQWHEMMFWRHR,-49.29,PepBD,0
WQWHEMMEWRQR,-49.29,PepBD,0
WDWHEMMHWRTR,-49.28,PepBD,0
WMWHEMHTWRFR,-49.27,PepBD,0
WHWHEMMFWRHR,-49.27,PepBD,0
WDWHEMMHWRTR,-49.27,PepBD,0
WQWHEMMFWRQR,-49.27,PepBD,0
WHWHEMMVWRQR,-49.27,PepBD,0
WLWHEMMTWRTR,-49.27,PepBD,0
WLWHEMMHWRHR,-49.26,PepBD,0
WLWHEMMHWRHR,-49.26,PepBD,0
WMWHEMHSWRQL,-49.26,PepBD,0
WHWHEMMVWRQR,-49.26,PepBD,0
WMWHEMHTWRQR,-49.25,PepBD,0
WAWHEMMQWRHR,-49.25,PepBD,0
WAWHEMMQWRHR,-49.25,PepBD,0
WDWHEMMHWRHR,-49.25,PepBD,0
WDWHEMMHWRTM,-49.25,PepBD,0
WVWHEMMHWRQR,-49.25,PepBD,0
WVWHEMMHWRQR,-49.25,PepBD,0
WFQRHHFAWRVW,-49.24,PepBD,0
WLWHEMMHWRQR,-49.24,PepBD,0
WHWHEMMEWRQR,-49.24,PepBD,0
WLWHEMMHWRQR,-49.23,PepBD,0
WMWHEMHSWRAL,-49.23,PepBD,0
WMWHEMHSWRAL,-49.23,PepBD,0
WHWHEMMAWRQR,-49.23,PepBD,0
WHWHEMMAWRQR,-49.23,PepBD,0
WQWHEMMFWRQR,-49.22,PepBD,0
WQWHEMMFWRQR,-49.22,PepBD,0
WHWHEMMQWRHR,-49.21,PepBD,0
WAWHEMMQWRHR,-49.21,PepBD,0
WHWHEMMNWRDR,-49.21,PepBD,0
WVWHEMMHWRQR,-49.21,PepBD,0
WHWHEMHEWRTR,-49.2,PepBD,0
WDWHEMMHWRQR,-49.2,PepBD,0
WDWHEMMHWRQR,-49.2,PepBD,0
WDWHEMMHWRHR,-49.2,PepBD,0
WHWHEMMVWRQR,-49.2,PepBD,0
WLWHEMMSWRTR,-49.2,PepBD,0
WMWHEMHTWRAR,-49.19,PepBD,0
WDWHEMMHWRTR,-49.19,PepBD,0
WHWHEMMQWRNR,-49.18,PepBD,0
WHWHEMMMWRQR,-49.18,PepBD,0
WLWHEMMSWRTR,-49.18,PepBD,0
WFQRHHFHWRTW,-49.17,PepBD,0
WFQRHHFQWRVW,-49.17,PepBD,0
WHWHEMMLWRTR,-49.17,PepBD,0
WHWHEMMHWRMR,-49.17,PepBD,0
WHWHEMMHWRMR,-49.17,PepBD,0
WLWHEMMTWRQR,-49.17,PepBD,0
WLWHEMHTWRQR,-49.17,PepBD,0
WMWHEMMNWRHR,-49.17,PepBD,0
WDWHEMMHWRTR,-49.17,PepBD,0
WHWHEMMEWRNR,-49.17,PepBD,0
WHWHEMMEWRNR,-49.17,PepBD,0
WLWHEMMTWRQR,-49.16,PepBD,0
WLWHEMMHWRHR,-49.16,PepBD,0
WLWHEMMQWRQR,-49.16,PepBD,0
WHWHEMMEWRNR,-49.16,PepBD,0
WGWHEMMHWRTR,-49.16,PepBD,0
WHWHEMMAWRQR,-49.16,PepBD,0
WHWHEMMAWRQR,-49.16,PepBD,0
WWQRHQFHFRIW,-49.15,PepBD,0
WLWHEMMTWRQR,-49.15,PepBD,0
WLWHEMMTWRQR,-49.15,PepBD,0
WHWHEMMIWRSR,-49.15,PepBD,0
WHWHEMMQWRNR,-49.15,PepBD,0
WFQRHHFHWRMW,-49.14,PepBD,0
WHWHEMMHWRRF,-49.14,PepBD,0
WHWHEMMQWRRF,-49.14,PepBD,0
WLWHEMMQWRSR,-49.14,PepBD,0
WMWHEMMNWRHR,-49.14,PepBD,0
WMWHEMMTWRHR,-49.14,PepBD,0
WEWHEMMHWRTM,-49.14,PepBD,0
WFQRHHFVWRTW,-49.13,PepBD,0
WFQRHHFQWRMW,-49.13,PepBD,0
WAWHEMHHWRTR,-49.13,PepBD,0
WMWHEMMNWRQR,-49.13,PepBD,0
WEWHEMMHWRHR,-49.13,PepBD,0
WFQRHHFAWRVW,-49.12,PepBD,0
WHWHEMHHWRRL,-49.12,PepBD,0
WMWHEMMNWRQR,-49.12,PepBD,0
WDWHEMMTWRTR,-49.12,PepBD,0
WLWHEMMSWRHR,-49.12,PepBD,0
WEWHEMMQWRTR,-49.12,PepBD,0
WEWHEMMQWRTM,-49.12,PepBD,0
WEWHEMMHWRTM,-49.12,PepBD,0
WEWHEMMHWRQR,-49.12,PepBD,0
WFQRHHFQWRVW,-49.11,PepBD,0
WDWHEMMSWRHR,-49.11,PepBD,0
WLWHEMMTWRHR,-49.1,PepBD,0
WDWHEMHVWRTR,-49.1,PepBD,0
WEWHEMHFWRTR,-49.1,PepBD,0
WHWHEMMMWRHR,-49.1,PepBD,0
WHWHEMMMWRHR,-49.1,PepBD,0
WLWHEMMHWRSR,-49.1,PepBD,0
WHWHEMMTWRVR,-49.1,PepBD,0
WHWHEMMTWRVR,-49.1,PepBD,0
WHWHEMMQWRDR,-49.1,PepBD,0
WHWHEMMQWRDR,-49.1,PepBD,0
WFQRHHFTWRVW,-49.09,PepBD,0
WWQRHQFQFRIW,-49.09,PepBD,0
WWQRHQFQFRIW,-49.09,PepBD,0
WLWHEMMTWRHR,-49.09,PepBD,0
WLWHEMMTWRHR,-49.09,PepBD,0
WLWHEMHLWRQR,-49.09,PepBD,0
WDWHEMMTWRTR,-49.09,PepBD,0
WDWHEMMTWRTR,-49.09,PepBD,0
WDWHEMMHWRSR,-49.09,PepBD,0
WDWHEMMHWRSR,-49.09,PepBD,0
WGWHEMMQWRTR,-49.09,PepBD,0
WEWHEMMHWRQR,-49.09,PepBD,0
WLWHEMMNWRHR,-49.08,PepBD,0
WLWHEMMTWRHR,-49.08,PepBD,0
WLWHEMMTWRHR,-49.08,PepBD,0
WLWHEMMTWRQR,-49.08,PepBD,0
WDWHEMHVWRTR,-49.08,PepBD,0
WLWHEMHLWRQR,-49.08,PepBD,0
WLWHEMMTWRHR,-49.08,PepBD,0
WAWHEMMHWRTR,-49.08,PepBD,0
WWQRHQFQFRIW,-49.07,PepBD,0
WLWHEMMNWRHR,-49.07,PepBD,0
WQWHEMMLWRTR,-49.07,PepBD,0
WHWHEMMTWRMR,-49.07,PepBD,0
WLWHEMMNWRTR,-49.07,PepBD,0
WLWHEMMTWRTR,-49.07,PepBD,0
WLWHEMMNWRTR,-49.07,PepBD,0
WLWHEMMTWRTR,-49.07,PepBD,0
WAWHEMMHWRTR,-49.07,PepBD,0
WFQRHQFMWRTW,-49.06,PepBD,0
WFQRHHFHWRTW,-49.05,PepBD,0
WHWHEMMQWRRF,-49.05,PepBD,0
WLWHEMMNWRQR,-49.05,PepBD,0
WLWHEMMTWRNR,-49.05,PepBD,0
WHWHEMMHWRQR,-49.05,PepBD,0
WQWHEMMNWRHR,-49.05,PepBD,0
WDWHEMMHWRHR,-49.05,PepBD,0
WFQRHHFQWRTW,-49.04,PepBD,0
WFQRHQFFWRTW,-49.04,PepBD,0
WWQRHQFHFRIW,-49.04,PepBD,0
WLWHEMMTWRNR,-49.04,PepBD,0
WLWHEMMSWRTR,-49.04,PepBD,0
WGWHEMMQWRTR,-49.04,PepBD,0
WHWHEMMQWRDR,-49.04,PepBD,0
WKWHEMMNWRTL,-49.03,PepBD,0
WMWHEMMHWRNR,-49.03,PepBD,0
WMWHEMHSWRSL,-49.02,PepBD,0
WYWHEMMQWRHR,-49.02,PepBD,0
WAWHEMMQWRNR,-49.02,PepBD,0
WDWHEMMSWRHR,-49.02,PepBD,0
WLWHEMMSWRHR,-49.02,PepBD,0
WGWHEMMQWRTR,-49.02,PepBD,0
WVWHEMMTWRQR,-49.02,PepBD,0
WLWHEMMNWRTR,-49.01,PepBD,0
WKWHEMMNWRTL,-49.01,PepBD,0
WKWHEMMTWRTL,-49.01,PepBD,0
WEWHEMHFWRQL,-49.01,PepBD,0
WQWHEMMNWRMR,-49.01,PepBD,0
WHWHEMMQWRTK,-49.01,PepBD,0
WHWHEMMQWREK,-49.01,PepBD,0
WHWHEMMQWREK,-49.01,PepBD,0
WHWHEMMHWRAR,-49,PepBD,0
WAWHEMHVWRTR,-49,PepBD,0
WMWHEMHNWRAL,-49,PepBD,0
WYWHEMMQWRHR,-49,PepBD,0
WNWHEMMQWRHR,-49,PepBD,0
WGWHEMMQWRTR,-49,PepBD,0
WHWHEMMQWRSM,-49,PepBD,0
WFWHEMMTWRQR,-49,PepBD,0
WFWHEMMSWRQR,-49,PepBD,0
WMWHEMHFWRTR,-48.99,PepBD,0
WHWHEMMIWRNR,-48.99,PepBD,0
WDWHEMMSWRTR,-48.99,PepBD,0
WAWHEMMQWRNR,-48.98,PepBD,0
WTWHEMMFWRTR,-48.98,PepBD,0
WTWHEMMFWRTR,-48.98,PepBD,0
WHWHEMMSWRYR,-48.97,PepBD,0
WHWHEMMSWRYR,-48.97,PepBD,0
WHWHEMMQWRRF,-48.97,PepBD,0
WLWHEMMTWRTR,-48.97,PepBD,0
WLWHEMHHWRQR,-48.97,PepBD,0
WEWHEMMHWRHR,-48.97,PepBD,0
WAWHEMMTWRNR,-48.97,PepBD,0
WDWHEMMNWRTR,-48.97,PepBD,0
WDWHEMMSWRQR,-48.97,PepBD,0
WTWHEMMFWRTR,-48.97,PepBD,0
WHWHEMMNWRTM,-48.97,PepBD,0
WHWHEMMTWRQR,-48.97,PepBD,0
WFQRHHFHWRMW,-48.96,PepBD,0
WFWHEMHHWRQL,-48.96,PepBD,0
WAWHEMMHWRHR,-48.96,PepBD,0
WWQRHQFQFRIW,-48.95,PepBD,0
WWQRHQFQFRIW,-48.95,PepBD,0
WYWHEMMSWRHR,-48.95,PepBD,0
WDWHEMMHWRSR,-48.95,PepBD,0
WEWHEMMQWRHR,-48.95,PepBD,0
WEWHEMMHWRHM,-48.95,PepBD,0
WFWHEMMSWRQR,-48.95,PepBD,0
WEWHEMMNWRTL,-48.94,PepBD,0
WYWHEMMNWRHR,-48.94,PepBD,0
WHWHEMMNWRTM,-48.94,PepBD,0
WLWHEMMQWRNR,-48.93,PepBD,0
WLWHEMHAWRQR,-48.93,PepBD,0
WHWHEMMDWRIH,-48.93,PepBD,0
WEWHEMMHWRQR,-48.93,PepBD,0
WFWHEMMSWRQR,-48.93,PepBD,0
WFWHEMHAWRQL,-48.92,PepBD,0
WEWHEMHLWRQR,-48.92,PepBD,0
WHWHEMMDWRIH,-48.92,PepBD,0
WEWHEMMQWRSM,-48.92,PepBD,0
WHWHEMMSWRRF,-48.91,PepBD,0
WHWHEMHHWRQL,-48.91,PepBD,0
WHWHEMMTWRAR,-48.91,PepBD,0
WHWHEMMNWRTM,-48.91,PepBD,0
WAWHEMMSWRNR,-48.9,PepBD,0
WNWHEMMQWRHR,-48.9,PepBD,0
WHWHEMMDWRSM,-48.9,PepBD,0
WHWHEMMSWRAR,-48.89,PepBD,0
WEWHEMHLWRTR,-48.89,PepBD,0
WHWHEMMTWRHR,-48.89,PepBD,0
WAWHEMMHWRHR,-48.89,PepBD,0
WAWHEMMHWRHR,-48.89,PepBD,0
WDWHEMMSWRSR,-48.89,PepBD,0
WNWHEMMFWRHR,-48.89,PepBD,0
WFWHEMMSWRQR,-48.89,PepBD,0
WDWHEMHTWRAR,-48.88,PepBD,0
WHWHEMMTWRHR,-48.88,PepBD,0
WYWHEMMNWRHR,-48.88,PepBD,0
WNWHEMMFWRHR,-48.88,PepBD,0
WTWHEMMFWRHR,-48.88,PepBD,0
WDWHEMMTWRQR,-48.88,PepBD,0
WFQRHHFTWRTW,-48.87,PepBD,0
WFQRHHFTWRTW,-48.87,PepBD,0
WEWHEMHAWRQL,-48.87,PepBD,0
WFQRHQFFWRAW,-48.86,PepBD,0
WFQRHQFFWRAW,-48.86,PepBD,0
WFQRHQFFWRAW,-48.86,PepBD,0
WWQRHQFQFRIW,-48.86,PepBD,0
WAWHEMMNWRQL,-48.86,PepBD,0
WHWHEMHHWREL,-48.86,PepBD,0
WAWHEMMHWRSR,-48.86,PepBD,0
WAWHEMMHWRSR,-48.86,PepBD,0
WNWHEMMFWRHR,-48.86,PepBD,0
WFQRHHFQWRTW,-48.85,PepBD,0
WDWHEMHTWRTR,-48.85,PepBD,0
WEWHEMMTWRTR,-48.85,PepBD,0
WFQRHHFHWRTW,-48.84,PepBD,0
WMWHEMMTWRNR,-48.84,PepBD,0
WQWHEMMDWRIH,-48.84,PepBD,0
WEWHEMMTWRTR,-48.84,PepBD,0
WEWHEMMTWRTR,-48.84,PepBD,0
WRWHEMMHWRTM,-48.84,PepBD,0
WHWHEMMNWRTM,-48.84,PepBD,0
WHWHEMMDWRTK,-48.84,PepBD,0
WFQRHQFMWRHW,-48.83,PepBD,0
WMWHEMHQWRRF,-48.83,PepBD,0
WEWHEMHFWRSL,-48.83,PepBD,0
WHWHEMMTWRDR,-48.83,PepBD,0
WQWHEMMDWRIH,-48.83,PepBD,0
WNWHEMMEWRHR,-48.83,PepBD,0
WFQRHHFNWRTW,-48.82,PepBD,0
WNWHEMMEWRHR,-48.82,PepBD,0
WNWHEMMEWRHR,-48.82,PepBD,0
WSWHEMMFWRHR,-48.82,PepBD,0
WTWHEMMEWRHR,-48.81,PepBD,0
WNWHEMMFWRHR,-48.81,PepBD,0
WDWHEMMQWRIH,-48.81,PepBD,0
WAWHEMMTWRHR,-48.81,PepBD,0
WFQRHHFHWRTW,-48.8,PepBD,0
WFQRHHFDWRVW,-48.8,PepBD,0
WFQRHQFFWRHW,-48.8,PepBD,0
WHWHEMMSWRAR,-48.8,PepBD,0
WHWHEMMTWRAR,-48.8,PepBD,0
WFWHEMMTWRSR,-48.8,PepBD,0
WDWHEMMTWRHR,-48.8,PepBD,0
WYWHEMMQWRHR,-48.8,PepBD,0
WFQRHHFEWRVW,-48.79,PepBD,0
WFQRHHFSWRTW,-48.79,PepBD,0
WLWHEMMTWRNR,-48.79,PepBD,0
WLWHEMMTWRNR,-48.79,PepBD,0
WAWHEMMNWRTR,-48.79,PepBD,0
WFQRHHFVWRHW,-48.78,PepBD,0
WFQRHHFTWRMW,-48.78,PepBD,0
WFQRHQFQWRMW,-48.78,PepBD,0
WMWHEMHIWRNR,-48.78,PepBD,0
WNWHEMMEWRHR,-48.78,PepBD,0
WNWHEMMEWRHR,-48.78,PepBD,0
WEWHEMMNWRTR,-48.78,PepBD,0
WEWHEMMTWRHR,-48.78,PepBD,0
WHWHEMMDWRHK,-48.78,PepBD,0
WAWHEMHHWRQL,-48.77,PepBD,0
WQWHEMMKWRIH,-48.77,PepBD,0
WQWHEMMEWRHR,-48.77,PepBD,0
WHWHEMMNWRTK,-48.77,PepBD,0
WSWHEMMAWRQR,-48.77,PepBD,0
WAWHEMMSWRHR,-48.76,PepBD,0
WEWHEMMNWRTR,-48.76,PepBD,0
WTWHEMMVWRQR,-48.75,PepBD,0
WHWHEMMTWRSR,-48.75,PepBD,0
WAWHEMMSWRHR,-48.75,PepBD,0
WYWHEMMNWRHR,-48.75,PepBD,0
WYWHEMMNWRHR,-48.75,PepBD,0
WNWHEMMQWRHR,-48.74,PepBD,0
WEWHEMMTWRQR,-48.74,PepBD,0
WEWHEMMTWRQR,-48.74,PepBD,0
WYWHEMMTWRTR,-48.74,PepBD,0
WNWHEMMHWRQR,-48.74,PepBD,0
WAWHEMMQWRNL,-48.73,PepBD,0
WMWHEMHFWRNR,-48.73,PepBD,0
WMWHEMHIWRNR,-48.73,PepBD,0
WHWHEMMTWRAR,-48.73,PepBD,0
WHWHEMMTWRSR,-48.73,PepBD,0
WDWHEMMSWRNR,-48.73,PepBD,0
WGWHEMMTWRTR,-48.73,PepBD,0
WHWHEMMNWRTK,-48.73,PepBD,0
WFQRHHFEWRMW,-48.72,PepBD,0
WHWHEMMSWRRF,-48.72,PepBD,0
WAWHEMHDWRHL,-48.72,PepBD,0
WFWHEMMTWRSR,-48.72,PepBD,0
WAWHEMMTWRHR,-48.72,PepBD,0
WYWHEMMNWRHR,-48.72,PepBD,0
WFQRHHFHWRHW,-48.71,PepBD,0
WFQRHQFAWRFW,-48.71,PepBD,0
WFQRHHFSWRMW,-48.71,PepBD,0
WDWHEMMHWRNR,-48.71,PepBD,0
WYWHEMMTWRTR,-48.71,PepBD,0
WFQRHQFMWRTW,-48.7,PepBD,0
WGWHEMMNWRHR,-48.7,PepBD,0
WTWHEMMLWRTR,-48.7,PepBD,0
WQWHEMHQWRER,-48.7,PepBD,0
WQWHEMHQWRYR,-48.7,PepBD,0
WHWHEMMTWRMR,-48.7,PepBD,0
WAWHEMMTWRHR,-48.7,PepBD,0
WAWHEMMTWRHR,-48.7,PepBD,0
WTWHEMMEWRNR,-48.7,PepBD,0
WNWHEMMEWRNR,-48.7,PepBD,0
WTWHEMMVWRHR,-48.69,PepBD,0
WTWHEMMVWRHR,-48.69,PepBD,0
WHWHEMMTWRSR,-48.69,PepBD,0
WHWHEMMNWRSM,-48.69,PepBD,0
WFQRHHFQWRHW,-48.68,PepBD,0
WFQRHHFNWRFW,-48.68,PepBD,0
WFQRHHFNWRFW,-48.68,PepBD,0
WAWHEMHDWRQL,-48.68,PepBD,0
WYWHEMMTWRHR,-48.68,PepBD,0
WYWHEMMTWRHR,-48.68,PepBD,0
WGWHEMMNWRTR,-48.68,PepBD,0
WGWHEMMNWRTR,-48.68,PepBD,0
WKWHEMMTWRVH,-48.67,PepBD,0
WAWHEMHFWRSL,-48.66,PepBD,0
WAWHEMMSWRHR,-48.66,PepBD,0
WHWHMMMDWRHR,-48.66,PepBD,0
WFQRHQFGWRFW,-48.65,PepBD,0
WAWHEMMSWRHR,-48.65,PepBD,0
WHWHEMMNWRTF,-48.65,PepBD,0
WHWHEMMNWRHK,-48.65,PepBD,0
WFWHEMMSWRNR,-48.65,PepBD,0
WHWHEMMSWRGR,-48.64,PepBD,0
WHWHEMMNWRGR,-48.64,PepBD,0
WMWHEMHFWRNR,-48.64,PepBD,0
WMWHEMHDWRNR,-48.64,PepBD,0
WQWHEMMQWRIH,-48.64,PepBD,0
WHWHEMMSWRMR,-48.63,PepBD,0
WHWHEMMSWRAF,-48.62,PepBD,0
WNWHEMMTWRMR,-48.62,PepBD,0
WSWHEMMTWRMR,-48.62,PepBD,0
WFQRHHFQWRFW,-48.61,PepBD,0
WFQRHQFFWREW,-48.61,PepBD,0
WHWHEMMQWRRF,-48.61,PepBD,0
WTWHEMMTWRMR,-48.61,PepBD,0
WRWHEMMNWRTL,-48.61,PepBD,0
WAWHEMMQWRNR,-48.61,PepBD,0
WNWHEMMEWRSR,-48.61,PepBD,0
WNWHEMMEWRSR,-48.61,PepBD,0
WHWHEMMNWRTF,-48.61,PepBD,0
WFQRHHFQWRYW,-48.6,PepBD,0
WFQRHHFGWRHW,-48.6,PepBD,0
WTWHEMMAWRHR,-48.6,PepBD,0
WTWHEMMVWRHR,-48.6,PepBD,0
WHWHEMMNWRRF,-48.6,PepBD,0
WSWHEMMQWRRF,-48.6,PepBD,0
WSWHEMMQWRRF,-48.6,PepBD,0
WHWHEMMTWRAR,-48.6,PepBD,0
WKWHEMMSWRVH,-48.6,PepBD,0
WHWHMMMAWRHR,-48.6,PepBD,0
WHWHMMMAWRHR,-48.6,PepBD,0
WHWHEMMNWRRF,-48.59,PepBD,0
WHWHEMMTWRAR,-48.59,PepBD,0
WQWHEMMFWRKH,-48.59,PepBD,0
WQWHEMYQWRYR,-48.58,PepBD,0
WHWHEMMSWRHR,-48.58,PepBD,0
WQWHEMMFWRKH,-48.58,PepBD,0
WNWHEMMHWRHM,-48.58,PepBD,0
WGWHEMMTWRSR,-48.57,PepBD,0
WQWHEMMFWRDH,-48.57,PepBD,0
WTWHEMMHWRRM,-48.57,PepBD,0
WFQRHQFTWRFW,-48.56,PepBD,0
WMWHEMHDWRNR,-48.56,PepBD,0
WTWHEMMAWRTR,-48.55,PepBD,0
WAWHEMHDWRTL,-48.55,PepBD,0
WLWHEMHHWRQF,-48.55,PepBD,0
WGWHEMMTWRSR,-48.55,PepBD,0
WQWHEMMKWRMH,-48.55,PepBD,0
WTWHEMMNWRMR,-48.54,PepBD,0
WSWHEMMQWRRF,-48.54,PepBD,0
WSWHEMMQWRRF,-48.54,PepBD,0
WFQRHQFGWRTW,-48.53,PepBD,0
WGWHEMMNWRSR,-48.53,PepBD,0
WFQRHHFNWRFW,-48.52,PepBD,0
WWQRHQFQFRIW,-48.52,PepBD,0
WSWHEMMNWRTL,-48.52,PepBD,0
WHWHEMMSWRAR,-48.52,PepBD,0
WGWHEMMSWRSR,-48.52,PepBD,0
WVWHEMMTWRKH,-48.52,PepBD,0
WQWHEMMDWRMH,-48.52,PepBD,0
WFQRHQFGWREW,-48.51,PepBD,0
WAWHEMMNWRNL,-48.51,PepBD,0
WGWHEMMNWRSR,-48.51,PepBD,0
WGWHEMMNWRSR,-48.51,PepBD,0
WDWHMMMTWRTR,-48.51,PepBD,0
WTWHEMMDWRHR,-48.5,PepBD,0
WSWHEMMQWRRF,-48.5,PepBD,0
WGWHEMMSWRSR,-48.5,PepBD,0
WQWHEMMFWRQH,-48.5,PepBD,0
WTWHEMMNWRTM,-48.5,PepBD,0
WWQRHQFQFRIW,-48.49,PepBD,0
WSWHEMMQWRRF,-48.49,PepBD,0
WSWHEMMNWRAL,-48.49,PepBD,0
WNWHEMMNWRAL,-48.49,PepBD,0
WTWHEMMEWRNR,-48.49,PepBD,0
WNWHEMMSWRHR,-48.49,PepBD,0
WTWHEMMNWRRM,-48.49,PepBD,0
WHWHMMMAWRSR,-48.47,PepBD,0
WTWHEMMGWRTR,-48.46,PepBD,0
WSWHEMHQWRFR,-48.46,PepBD,0
WHWHEMMNWRAL,-48.46,PepBD,0
WNWHEMMHWRSR,-48.46,PepBD,0
WMWHEMMHWRNH,-48.46,PepBD,0
WHWHEMMQWRSF,-48.45,PepBD,0
WHWHEMMTWRGL,-48.45,PepBD,0
WQWHMMMAWRHR,-48.45,PepBD,0
WFQRHQFDWRYW,-48.44,PepBD,0
WWQRHHFAWRMF,-48.44,PepBD,0
WWQRHHFAWRMF,-48.44,PepBD,0
WWQRHQFAWRIF,-48.44,PepBD,0
WFQRHQFDWRHW,-48.43,PepBD,0
WWQRHQFQWRIF,-48.43,PepBD,0
WQWHEMYHWRFR,-48.43,PepBD,0
WLWHEMMQWRNR,-48.43,PepBD,0
WNWHEMMSWRDR,-48.43,PepBD,0
WFQRHQFEWRHW,-48.42,PepBD,0
WFQRHQFEWRHW,-48.41,PepBD,0
WAWHEMHDWRSL,-48.41,PepBD,0
WVWHEMMNWRAH,-48.41,PepBD,0
WQWHEMMFWRSH,-48.41,PepBD,0
WDWHMMMTWRQR,-48.41,PepBD,0
WFWHEMMNWRNR,-48.41,PepBD,0
WHWHEMMHWRSF,-48.4,PepBD,0
WVWHEMMTWRAH,-48.4,PepBD,0
WNWHEMMGWRHM,-48.4,PepBD,0
WHWHEMMSWRQF,-48.39,PepBD,0
WQWHEMMDWRKH,-48.39,PepBD,0
WQWHEMMFWRNH,-48.39,PepBD,0
WHWHMMMTWRSR,-48.39,PepBD,0
WNWHEMMHWRHK,-48.39,PepBD,0
WFQRHQFSWRMW,-48.38,PepBD,0
WSWHEMMSWRHR,-48.38,PepBD,0
WVWHEMMTWRAH,-48.38,PepBD,0
WQWHEMMDWRKH,-48.38,PepBD,0
WDWHMMMSWRHR,-48.38,PepBD,0
WHWHEMMEWRSF,-48.37,PepBD,0
WSWHEMHQWRER,-48.37,PepBD,0
WMWHEMHTWRNR,-48.37,PepBD,0
WGWHEMMIWRHH,-48.37,PepBD,0
WFWHEMMSWRNR,-48.37,PepBD,0
WWQRHQFQFRIW,-48.36,PepBD,0
WQWHEMYHWRYR,-48.36,PepBD,0
WEWHEMMNWRAH,-48.36,PepBD,0
WWQRHQFAFRIW,-48.35,PepBD,0
WHWHEMMSWRAF,-48.35,PepBD,0
WEWHEMMNWRAH,-48.35,PepBD,0
WFQRHQFGWRYW,-48.34,PepBD,0
WWQRHQFQFRIW,-48.34,PepBD,0
WWQRHQFQFRIW,-48.34,PepBD,0
WHWHKMMDWRHF,-48.34,PepBD,0
WHWHKMMDWRHF,-48.34,PepBD,0
WHWHKMMDWRHF,-48.34,PepBD,0
WHWHKMMDWRHF,-48.34,PepBD,0
WHWHKMMNWRAL,-48.34,PepBD,0
WEWHEMMNWRAH,-48.34,PepBD,0
WFWHEMMNWRNR,-48.34,PepBD,0
WHWHEMMTWRGR,-48.33,PepBD,0
WGWHEMMTWRNR,-48.33,PepBD,0
WDWHMMMTWRSR,-48.32,PepBD,0
WQWHEMMQWRIH,-48.31,PepBD,0
WEWHEMMHWRIH,-48.31,PepBD,0
WSWHEMHQWRHR,-48.3,PepBD,0
WQWHEMYHWRHR,-48.3,PepBD,0
WKWHEMMQWRVH,-48.3,PepBD,0
WQWHEMMDWRIH,-48.3,PepBD,0
WFWHEMMSWRNR,-48.3,PepBD,0
WFQRHQFDWREW,-48.29,PepBD,0
WQWHMMMSWRHR,-48.29,PepBD,0
WFWHEMHTWRNR,-48.28,PepBD,0
WFQRHQFGWRYW,-48.27,PepBD,0
WHWHKMMAWRQF,-48.27,PepBD,0
WSWHEMMHWRRF,-48.27,PepBD,0
WGWHEMMHWRHH,-48.27,PepBD,0
WKWHEMMQWRMH,-48.27,PepBD,0
WFQRHHFQWREW,-48.26,PepBD,0
WHWHKMMDWRHF,-48.26,PepBD,0
WGWHEMMQWRSF,-48.26,PepBD,0
WHWHEMMQWRNF,-48.25,PepBD,0
WWQRHQFQWRMF,-48.24,PepBD,0
WHWHKMMAWRHF,-48.24,PepBD,0
WTWHEMMNWRHR,-48.24,PepBD,0
WHWHEMMSWRAF,-48.24,PepBD,0
WEWHEMMQWRNF,-48.24,PepBD,0
WHWHKMMDWRHF,-48.23,PepBD,0
WHWHKMMDWRHF,-48.23,PepBD,0
WHWHEMMQWRRF,-48.23,PepBD,0
WHWHKMMNWRHF,-48.21,PepBD,0
WQWHEMMHWRIH,-48.21,PepBD,0
WNWHEMMGWRHK,-48.21,PepBD,0
WWQRHQFAWRMF,-48.2,PepBD,0
WAWHEMHHWRQF,-48.2,PepBD,0
WHWHKMMDWRHF,-48.18,PepBD,0
WFWHEMHTWRNR,-48.18,PepBD,0
WHWHKMMEWRHF,-48.17,PepBD,0
WHWHEMMDWRHF,-48.17,PepBD,0
WHWHEMMDWRHF,-48.17,PepBD,0
WSWHEMHQWRRF,-48.17,PepBD,0
WKWHEMMQWRDH,-48.17,PepBD,0
WFQRHHFDWRNW,-48.16,PepBD,0
WHWHKMMAWRHF,-48.16,PepBD,0
WHWHKMMAWRHF,-48.16,PepBD,0
WFQRHHFDWRYW,-48.15,PepBD,0
WSWHEMMNWRRF,-48.15,PepBD,0
WSWHEMMNWRRF,-48.15,PepBD,0
WSWHEMHQWRTR,-48.15,PepBD,0
WWQRHHFHWRHF,-48.14,PepBD,0
WHWHKMMAWRTF,-48.14,PepBD,0
WHWHKMMAWRTF,-48.14,PepBD,0
WHWHEMMSWRSF,-48.14,PepBD,0
WHWHEMMSWRSF,-48.14,PepBD,0
WWQRHQFAWRTF,-48.13,PepBD,0
WWQRHHFAWRHF,-48.12,PepBD,0
WWQRHHFAWRHF,-48.12,PepBD,0
WSWHEMMIWRHH,-48.12,PepBD,0
WWQRHQFAWRTF,-48.11,PepBD,0
WHWHEMMTWRSF,-48.11,PepBD,0
WWMRHMFAWRIF,-55.257957,DL,8.25
FWWRFIMFLRRW,-54.931984,DL,7.11
WWMREMFRWRLH,-54.908752,DL,8.35
WWNRHMISWRIF,-54.889977,DL,7.68
FWRWGMFIWRIR,-54.583374,DL,8.98
WWKHRMIAWRIF,-54.43013,DL,7.68
FWWRTIVWRHIR,-54.276352,DL,8.78
WWMRHMFAWRHY,-54.208588,DL,8.88
WWEWIHLRRRIF,-54.05596,DL,7.32
FWWRVIFFLREW,-54.045425,DL,7.95
YFIWWWRMFFFR,-54.029922,DL,6.72
EWMRHMFLWRRW,-53.78975,DL,7.47
WMHHKKLRWRIW,-53.740944,DL,8.47
RFYWKMLGWRRW,-53.690063,DL,7.71
FWRWEMFIWRIR,-53.64235,DL,8.91
FMRWRHMRWRIW,-53.586884,DL,8.71
WFYHRMIAWRQW,-53.563873,DL,8.25
WWMREMFRWRFY,-53.52323,DL,8.66
WWMRQMFKWRHY,-53.51465,DL,9.09
RWRWHMFLWRIF,-53.480965,DL,7.22
FHKWWWKYIIFR,-53.46187,DL,7.12
WRHRHMFLWMRW,-53.451523,DL,6.73
WYRHFMIAWRQW,-53.421906,DL,8.34
FWWQRIWRIRMF,-53.41709,DL,9.17
FWWMRIVHWRFR,-53.416946,DL,8.82
FWRWHMFVWINR,-53.37973,DL,8.41
FWWRIIKRRIEW,-53.379326,DL,9.72
HFFWWKRIIWRL,-53.358276,DL,9.19
FFWWHMIHWMHR,-53.294945,DL,8.55
WFFWWRIFHRYM,-53.278046,DL,8.22
WWFHHMIAWRIH,-53.243042,DL,9.01
FYWWFRIIFRRW,-53.22808,DL,8.42
WWFIKMMRWRKF,-53.170364,DL,9.18
WMRWKHMRWRFY,-53.05185,DL,9.12
FWWRFILQFRIW,-53.015182,DL,8.9
FWWRLIAWRRIR,-53.00271,DL,8.32
WEHIKHMRWRIW,-52.99955,DL,8.98
WWEIEMMRWRKF,-52.997902,DL,9.44
FHKWWWRYILFR,-52.9692,DL,7.28
HFYWHMIHWKQW,-52.956573,DL,8.08
FYWWEFMWRFIH,-52.891052,DL,9.77
WWNRHMFAWRIY,-52.856857,DL,8.75
WWKRHMFYWRLF,-52.839195,DL,8.27
FMWWHRIIWRRH,-52.782867,DL,8.69
YWRWRMFFWMFR,-52.779686,DL,8.23
FWRFHIFLWMRW,-52.746826,DL,7.07
WWVWMMFFRRHF,-52.729828,DL,7.59
MWWRQMFLWRKF,-52.711075,DL,8.05
WYRFFELLWRFW,-52.58165,DL,9.5
FYWWRFRIFRIW,-52.514633,DL,7.78
WWEIHMIFWRQF,-52.507706,DL,8.23
WMHHKKRNWIIW,-52.506104,DL,9.11
FWRWHMFVWIRF,-52.499878,DL,8.29
FWWRFIWKMMRF,-52.476997,DL,8.3
MWWRHMFLWRRR,-52.47345,DL,7.64
WFRWMRMFKWYF,-52.39235,DL,9.38
LWHKRMIHWRQW,-52.389038,DL,8.15
MWWRQMFLWRRR,-52.369812,DL,7.76
FWRWLMFIFREW,-52.363045,DL,7.51
WWMRQMFVFRQW,-52.361015,DL,8.05
FWWRNIIWMFRK,-52.314995,DL,7.64
DFIWWWRIFKKM,-52.28591,DL,7.66
WRRFFHHLWIIW,-52.26232,DL,9.59
WFEHKMMRWRIW,-52.231895,DL,8.63
RFRWIHLRWRIW,-52.22348,DL,8.59
LFYWRMFFWRQW,-52.21852,DL,7.48
MFWWRIFWRRMF,-52.177597,DL,8.1
HYHWFMRHWMRW,-52.160202,DL,7.98
IFYWKMRHWRRW,-52.14689,DL,8.15
QFYWRMRHWMRW,-52.111717,DL,6.7
FWFERIWKDMMW,-52.070724,DL,9.16
WFRWHMIHWRFY,-52.06069,DL,8.5
WRFHKMLQWMRW,-52.04003,DL,8.6
AWRRFMIQMWRW,-52.039635,DL,7.74
WMHHKMRRWIRW,-51.98385,DL,9.21
FWWQRIWRIRIF,-51.96389,DL,9.38
WWEIWIIRHRFR,-51.95588,DL,7.55
WWTRHMFTWRIY,-51.947845,DL,8.67
FWWRFIIFMWRF,-51.944748,DL,8.22
WFRWIHLFLWRF,-51.92752,DL,8.23
WYRHHMIHWRFW,-51.9116,DL,8.53
WRHFFELLWMRW,-51.8135,DL,7.72
FWWRTIVWRRIF,-51.78055,DL,8.48
WMRWKMMHWRHF,-51.74714,DL,9.23
SFIWWWRIFREM,-51.72016,DL,7.43
WWQRQMFTWRIY,-51.711174,DL,9.14
FWYHRMRKWMRW,-51.688507,DL,7.39
WFMWWRMFKRVF,-51.670204,DL,8.74
WWHHRHMRYRIW,-51.63028,DL,9.03
WYRWKMIHWRQF,-51.621193,DL,8.13
WFMWWRIFHRVF,-51.596832,DL,8.33
WFFWWRIFHRMM,-51.593597,DL,9.18
HFYWTMRHWIEW,-51.566536,DL,8.2
WEKWYIFWRRMK,-51.560516,DL,9.25
WFRWWKMYRIFR,-51.558342,DL,8.87
WSWLHRHIFRLW,-51.5366,DL,8.88
WWMRKMFRWRFV,-51.531525,DL,8.63
FYRWWRILFRFW,-51.527756,DL,8.03
RWRWEMRYWMHR,-51.52452,DL,7.66
FWWMFRIFFWMF,-51.490532,DL,9
